<?xml version="1.0" encoding="UTF-8"?>
<paths>
  <path>.</path>
  <path>umap</path>
  <path>umap/nndescent</path>
  <path>umap/nndescent/C++</path>
  <path>umap/javaSrc</path>
  <path>umap/javaSrc/edu</path>
  <path>umap/javaSrc/edu/stanford</path>
  <path>umap/javaSrc/edu/stanford/facs</path>
  <path>umap/javaSrc/edu/stanford/facs/swing</path>
  <path>umap/javaSrc/umapSrc</path>
  <path>umap/javaSrc/umapSrc/edu</path>
  <path>umap/javaSrc/umapSrc/edu/stanford</path>
  <path>umap/javaSrc/umapSrc/edu/stanford/facs</path>
  <path>umap/javaSrc/umapSrc/edu/stanford/facs/swing</path>
  <path>umap/sgdCpp_files</path>
  <path>util</path>
</paths>
