<?xml version="1.0" encoding="UTF-8"?>
<addOn>
  <identifier>eaee15d4-dd66-4cee-83e3-f57ed03c9594</identifier>
  <displayType>Collection</displayType>
  <translatedDisplayType>
    <en_US>Collection</en_US>
    <ja_JP>コレクション</ja_JP>
    <ko_KR>컬렉션</ko_KR>
    <zh_CN>集合</zh_CN>
  </translatedDisplayType>
  <name>Uniform Manifold Approximation and Projection (UMAP)</name>
  <author>Stephen Meehan</author>
  <version>2.2</version>
  <downloadUrl>https://www.mathworks.com/matlabcentral/mlc-downloads/downloads/eaee15d4-dd66-4cee-83e3-f57ed03c9594/22867a32-53c8-45a0-8457-fe992fe82068/packages/zip?src=addons_ml_desktop_install&amp;profile_id=7649165&amp;license=847712&amp;release_family=R2020a</downloadUrl>
  <licenseUrl>https://addons.mathworks.com/registry/v1/eaee15d4-dd66-4cee-83e3-f57ed03c9594/2.2.0.0/-/license</licenseUrl>
  <previewImageUrl>https://www.mathworks.com/responsive_image/160/120/0/0/0/cache/matlabcentral/mlc-downloads/downloads/eaee15d4-dd66-4cee-83e3-f57ed03c9594/22867a32-53c8-45a0-8457-fe992fe82068/images/screenshot.png</previewImageUrl>
  <releaseNotesUrl>https://www.mathworks.com/add-ons/eaee15d4-dd66-4cee-83e3-f57ed03c9594/22867a32-53c8-45a0-8457-fe992fe82068/releaseNotes</releaseNotesUrl>
  <installationFolder>Collections</installationFolder>
</addOn>
